{"cameraMode":{"drawMode":0,"name":"Shaded","section":"Shading Mode"},"sceneLighting":true,"audioPlay":false,"sceneViewState":{"showFog":true,"showMaterialUpdate":true,"showSkybox":true,"showFlares":true,"showImageEffects":true,"showParticleSystems":true},"in2DMode":false,"pivot":{"x":218.16632080078126,"y":166.15823364257813,"z":-2.6129150390625},"rotation":{"x":-0.03418364003300667,"y":0.004492481704801321,"z":0.00015366479055956006,"w":0.999411404132843},"size":187.8124542236328,"orthographic":false}